Datetime,Water Level (m)
2025-07-21 06:00:00,0.8929007
2025-07-21 07:00:00,0.7009213
2025-07-21 08:00:00,0.5008373
2025-07-21 09:00:00,0.29965284
2025-07-21 10:00:00,0.13216625
2025-07-21 11:00:00,0.04237656
2025-07-21 12:00:00,0.18361169
2025-07-21 13:00:00,0.3989254
2025-07-21 14:00:00,0.6185205
2025-07-21 15:00:00,0.81545734
2025-07-21 16:00:00,0.94497705
2025-07-21 17:00:00,0.9104943
2025-07-21 18:00:00,0.7405494
2025-07-21 19:00:00,0.5507303
2025-07-21 20:00:00,0.34509233
2025-07-21 21:00:00,0.13951178
2025-07-21 22:00:00,-0.0502707
2025-07-21 23:00:00,-0.18185945
2025-07-22 00:00:00,-0.06998129
2025-07-22 01:00:00,0.1864037
2025-07-22 02:00:00,0.4723061
2025-07-22 03:00:00,0.77130884
2025-07-22 04:00:00,1.0511707
2025-07-22 05:00:00,1.2397356
2025-07-22 06:00:00,1.2391945
2025-07-22 07:00:00,1.0555733
2025-07-22 08:00:00,0.84320664
2025-07-22 09:00:00,0.62124246
2025-07-22 10:00:00,0.39611092
2025-07-22 11:00:00,0.18617658
2025-07-22 12:00:00,0.03375878
2025-07-22 13:00:00,0.10213568
2025-07-22 14:00:00,0.3415588
2025-07-22 15:00:00,0.5875162
2025-07-22 16:00:00,0.8154762
2025-07-22 17:00:00,0.99319154
2025-07-22 18:00:00,1.0158322
2025-07-22 19:00:00,0.8391935
2025-07-22 20:00:00,0.63721687
2025-07-22 21:00:00,0.42480364
2025-07-22 22:00:00,0.20653255
2025-07-22 23:00:00,0.0031162256
2025-07-23 00:00:00,-0.14564505
2025-07-23 01:00:00,-0.023927797
2025-07-23 02:00:00,0.25518748
2025-07-23 03:00:00,0.5583241
2025-07-23 04:00:00,0.8750041
2025-07-23 05:00:00,1.175717
2025-07-23 06:00:00,1.3543212
2025-07-23 07:00:00,1.3128579
2025-07-23 08:00:00,1.1582876
2025-07-23 09:00:00,0.9317675
2025-07-23 10:00:00,0.6943017
2025-07-23 11:00:00,0.4615625
2025-07-23 12:00:00,0.2252492
2025-07-23 13:00:00,0.054427203
2025-07-23 14:00:00,0.1289904
2025-07-23 15:00:00,0.38725492
2025-07-23 16:00:00,0.647292
2025-07-23 17:00:00,0.8959161
2025-07-23 18:00:00,1.0918571
2025-07-23 19:00:00,1.1098713
2025-07-23 20:00:00,0.91782504
2025-07-23 21:00:00,0.70429254
2025-07-23 22:00:00,0.47858313
2025-07-23 23:00:00,0.2500862
2025-07-24 00:00:00,0.03731962
2025-07-24 01:00:00,-0.11727627
2025-07-24 02:00:00,0.019583141
2025-07-24 03:00:00,0.31028956
2025-07-24 04:00:00,0.62766653
2025-07-24 05:00:00,0.96751034
2025-07-24 06:00:00,1.2897412
2025-07-24 07:00:00,1.4458714
2025-07-24 08:00:00,1.3849876
2025-07-24 09:00:00,1.1760018
2025-07-24 10:00:00,0.96067077
2025-07-24 11:00:00,0.7035102
2025-07-24 12:00:00,0.4615645
2025-07-24 13:00:00,0.21370369
2025-07-24 14:00:00,0.05276123
2025-07-24 15:00:00,0.19919495
2025-07-24 16:00:00,0.4825654
2025-07-24 17:00:00,0.76207894
2025-07-24 18:00:00,1.0384461
2025-07-24 19:00:00,1.2327621
2025-07-24 20:00:00,1.2048018
2025-07-24 21:00:00,0.99178165
2025-07-24 22:00:00,0.7679982
2025-07-24 23:00:00,0.5277239
2025-07-25 00:00:00,0.285902
2025-07-25 01:00:00,0.0894815
2025-07-25 02:00:00,-0.060769096
2025-07-25 03:00:00,0.14874716
2025-07-25 04:00:00,0.46165624
2025-07-25 05:00:00,0.78953445
2025-07-25 06:00:00,1.1501504
2025-07-25 07:00:00,1.4566649
2025-07-25 08:00:00,1.5212564
2025-07-25 09:00:00,1.4063448
2025-07-25 10:00:00,1.2271138
2025-07-25 11:00:00,0.97978204
2025-07-25 12:00:00,0.700254
2025-07-25 13:00:00,0.44515476
2025-07-25 14:00:00,0.20651378
2025-07-25 15:00:00,0.09331892
2025-07-25 16:00:00,0.3274201
2025-07-25 17:00:00,0.6222326
2025-07-25 18:00:00,0.91188496
2025-07-25 19:00:00,1.1964236
2025-07-25 20:00:00,1.360612
2025-07-25 21:00:00,1.2255119
2025-07-25 22:00:00,1.0735893
2025-07-25 23:00:00,0.8180903
2025-07-26 00:00:00,0.5667949
2025-07-26 01:00:00,0.32239616
2025-07-26 02:00:00,0.119270556
2025-07-26 03:00:00,0.06542875
2025-07-26 04:00:00,0.3593436
2025-07-26 05:00:00,0.6877395
2025-07-26 06:00:00,1.0362109
2025-07-26 07:00:00,1.3867948
2025-07-26 08:00:00,1.5657046
2025-07-26 09:00:00,1.6256305
2025-07-26 10:00:00,1.4707172
2025-07-26 11:00:00,1.272211
2025-07-26 12:00:00,1.0020456
2025-07-26 13:00:00,0.7024699
2025-07-26 14:00:00,0.44497728
2025-07-26 15:00:00,0.22317605
2025-07-26 16:00:00,0.23951581
2025-07-26 17:00:00,0.53700006
2025-07-26 18:00:00,0.8213873
2025-07-26 19:00:00,1.1114992
2025-07-26 20:00:00,1.3450245
2025-07-26 21:00:00,1.3532094
2025-07-26 22:00:00,1.2379299
2025-07-26 23:00:00,1.0186121
2025-07-27 00:00:00,0.7530118
2025-07-27 01:00:00,0.5033681
2025-07-27 02:00:00,0.25620776
2025-07-27 03:00:00,0.06052602
2025-07-27 04:00:00,0.106687546
2025-07-27 05:00:00,0.40978745
2025-07-27 06:00:00,0.7291638
